memory_buffer_size,done_episodes_count,total_episodes_count,total_steps_avg,rewards_avg,loss_avg
100,0,500,100.0,-1.0000000000000004,nan
500,444,500,32.686,8.5709,0.08399197406229295
1000,150,500,80.138,2.2046199999999994,0.07749646324531462
10000,0,500,100.0,-1.0000000000000004,nan
