learning_rate,done_episodes_count,total_episodes_count,total_steps_avg,rewards_avg,loss_avg
5e-05,463,500,27.576,9.00276,0.09537014174172061
0.0001,0,500,100.0,-1.0000000000000004,nan
0.0005,0,500,100.0,-1.0000000000000004,nan
0.001,0,500,100.0,-1.0000000000000004,nan
